-- MySQL dump 10.15  Distrib 10.0.20-MariaDB, for Linux (x86_64)
--
-- Host: localhost    Database: u902565242_share
-- ------------------------------------------------------
-- Server version	10.0.20-MariaDB

/*!40101 SET @OLD_CHARACTER_SET_CLIENT=@@CHARACTER_SET_CLIENT */;
/*!40101 SET @OLD_CHARACTER_SET_RESULTS=@@CHARACTER_SET_RESULTS */;
/*!40101 SET @OLD_COLLATION_CONNECTION=@@COLLATION_CONNECTION */;
/*!40101 SET NAMES utf8 */;
/*!40103 SET @OLD_TIME_ZONE=@@TIME_ZONE */;
/*!40103 SET TIME_ZONE='+00:00' */;
/*!40014 SET @OLD_UNIQUE_CHECKS=@@UNIQUE_CHECKS, UNIQUE_CHECKS=0 */;
/*!40014 SET @OLD_FOREIGN_KEY_CHECKS=@@FOREIGN_KEY_CHECKS, FOREIGN_KEY_CHECKS=0 */;
/*!40101 SET @OLD_SQL_MODE=@@SQL_MODE, SQL_MODE='NO_AUTO_VALUE_ON_ZERO' */;
/*!40111 SET @OLD_SQL_NOTES=@@SQL_NOTES, SQL_NOTES=0 */;

--
-- Table structure for table `articles`
--

DROP TABLE IF EXISTS `articles`;
/*!40101 SET @saved_cs_client     = @@character_set_client */;
/*!40101 SET character_set_client = utf8 */;
CREATE TABLE `articles` (
  `id` int(10) NOT NULL AUTO_INCREMENT COMMENT 'Идентификатор статьи',
  `title` varchar(250) NOT NULL COMMENT 'Название статьи',
  `alt_title` varchar(250) NOT NULL COMMENT 'Название в урл',
  `writer` varchar(100) NOT NULL,
  `author` varchar(100) NOT NULL DEFAULT 'Алексей Митрахович' COMMENT 'Автор статьи',
  `date` timestamp NOT NULL DEFAULT CURRENT_TIMESTAMP COMMENT 'Дата публикации',
  `content_short` text NOT NULL COMMENT 'Текст статьи',
  `content_full` text NOT NULL COMMENT 'Полный текст статьи',
  PRIMARY KEY (`id`)
) ENGINE=MyISAM AUTO_INCREMENT=34 DEFAULT CHARSET=utf8;
/*!40101 SET character_set_client = @saved_cs_client */;

--
-- Dumping data for table `articles`
--

/*!40000 ALTER TABLE `articles` DISABLE KEYS */;
INSERT INTO `articles` VALUES (23,'Страна радости','joyland','Стивен Кинг','Алексей Митрахович','2015-07-04 12:02:58','<p>Действие романа разворачивается в одном из парков развлечений Северной Каролины в 1973 году. На момент знакомства с читателем ему уже около 60, он вспоминает свое прошлое. Девин Джонс&nbsp;&mdash; студент университета Нью-Гэмпшира, устраивается на период летних каникул на работу в парк развлечений &laquo;Страна радости&raquo; в Северной Каролине. Он заводит новых друзей и узнает о местной легенде &mdash; призраке девушки Линды Грей, убитой четыре года тому назад...</p>','<p>Стивен Кинг и парк развлечений... А какие ассоциации появляются у вас при сочетании этих слов? Король ужасов и страшный парк развлечений, да это же просто счастье для фанатов Стивена Кинга! А мрачная обложка только усиливает уже сложившееся впечатление о том, что это будет очередная книга жанра horror&nbsp;(может быть даже лучшая из тех, что Вы когда-либо читали).</p>\n\n<p><img alt=\"Обложка книги &quot;Страна радости&quot; Стивена Кинга\" src=\"http://www.litmir.me/data/Book/0/192000/192629/BC2_1392641166.jpg\" style=\"height:484px; margin-left:140px; margin-right:140px; width:300px\" /></p>\n\n<p>Однако&nbsp;прочитав около 50 страниц этого прекрасного произведения становится понятно, что ужасов, к моему великому сожалению, не будет в принципе. По сути, некая VeroНика, оставив рецензию на labirint.ru, хорошо описала практически все события, происходящие в книге (если без спойлеров конечно же):</p>\n\n<blockquote>\n<p>Это скорее детективный роман с парочкой добрых приведений. Эпоха 70-х, Америка, студент на подработке в парке с переживаниями на личном фронте, сам что-то придумал, тут ему показалось, больше напоминает дневник.</p>\n</blockquote>\n\n<p>Или же такой вариант (взято с ресурса readrate.com):</p>\n\n<blockquote>\n<p>Книга очень затянута, да и вообще, не очень-то похожа она на творение короля ужасов Кинга... Дочитала только из уважения к автору...</p>\n</blockquote>\n\n<p>И таких отзывов достаточно много на просторах интернета, что определенно не на пользу этому произведению. Хотя о какой пользе идет речь?&nbsp;Многим не по нраву классические книги по Кингу, знаю по собственному опыту, не раз на&nbsp;такое натыкался. Именно таким людям нравятся и отлично походходят похожие произведения (имеется ввиду относительно похожие, такие как &quot;Побег из Шоушенка&quot; или же &quot;Зеленая миля&quot;). Именно для таких людей написаны эти комментарии, я думаю, а не для того, чтобы показать насколько плохо написана книга.&nbsp;</p>\n\n<p>&nbsp;Если же давать оценку по десятибальной шкале, а таким образом я постараюсь всегда оценивать обсуждаемые тут книги, то, на мой взгляд, она заслуживает оценки 8 баллов. Почему? Прежде всего, как я упоминал уже, это прекрасная книга: добрая, полная радости, веселья, &nbsp;и надежды. Книга учит бороться со страхами (как, в принципе, и все книги Кинга), бороться с собой, а&nbsp;после всего нытья главного героя все сводится к этому.</p>\n\n<blockquote>\n<p><em>Майк протянул руку ладонью вверх:</em><br />\n<em>&ndash; Шлепни пятерней, если ты живой.</em></p>\n</blockquote>\n\n<p>В ней есть доля юмора, сарказма и иронии (прежде всего самоиронии). И некоторые&nbsp;весьма интересные мысли:</p>\n\n<blockquote>\n<p><em>История - это сумма испражнений человечества, огромная и постоянно растущая</em></p>\n</blockquote>\n\n<p>&nbsp;И, конечно же, как без любимой самим Кингом&nbsp;религии?&nbsp;</p>\n\n<blockquote>\n<p><em>Не понимаю, почему люди используют религию для того, чтобы причинить друг другу боль</em></p>\n</blockquote>\n\n<p>Книгу я дочитывал не <del>только</del>&nbsp;столько&nbsp;из уважения к автору, сколько из собственного интереса. Хоть я и предпочитаю книги, где побольше экшена, но эту прочел с большим интересом, а&nbsp;неспешное развитие событий никоим образом не помешало мне по достоинству оценить новое для меня произведение любимого автора.</p>\n\n<p>В будущем будет освещается еще много произведений Стивена Кинга, и закончить эту, с вашего позволения, статью хочется следующими словами:&nbsp;</p>\n\n<blockquote>\n<p><em>Когда дело касается прошлого, каждый из нас писатель.</em></p>\n</blockquote>\n\n<p><em>P.S.</em><em>&nbsp;На протяжении всей книги автор знакомит нас с работой в парках развлечений и их лексиконом, который используется на самом деле во многих американских парках.</em>&nbsp;</p>'),(30,'Автостопом по галактике','the-hitchhiker’s-guide-to-the-galaxy','Дуглас Адамс','Алексей Митрахович','2015-07-14 18:56:32','<p>&laquo;Автостопом по галактике&raquo;&nbsp;(англ.&nbsp;<em>The Hitchhiker&rsquo;s Guide to the Galaxy</em>; более дословные переводы:&nbsp;<em>Путеводитель автостопщика по галактике</em>,&nbsp;<em>Путеводитель для путешествующих по галактике автостопом</em>)&nbsp;&mdash; серия сатирических&nbsp;научно-фантастических&nbsp;романов&nbsp;английского&nbsp;писателя Дугласа Адамса.</p>','<p>Прежде всего стоит отметить, что эта серия книг включает в себя пять частей:</p>\n\n<ol>\n	<li>1979 год - &quot;Автостопом по галактике&quot;&nbsp;(<em>The Hitchhiker&rsquo;s Guide to the Galaxy</em>).</li>\n	<li>1980 год - &quot;Ресторан на краю вселенной&quot;&nbsp;(<em>The Restaurant at the End of the Universe</em>).</li>\n	<li>1982 год - &quot;Жизнь, вселенная и все остальное&quot; (<em>Life, the Universe and &nbsp;Everything</em>).</li>\n	<li>1984 год - &quot;Всего хорошего, и спасибо за рыбу!&quot;&nbsp;(<em>So Long And Thanks for All the Fish</em>).</li>\n	<li>1992 год - &quot;В основном безвредна&quot;&nbsp;(<em>Mostly Harmless</em>).</li>\n</ol>\n\n<p>Третья книга была названа третьей частью трилогии про автостопщиков. Четвертая, соответственно, &quot;четвертой книгой трилогии&quot;, а все книги получили название &quot;трилогия в пяти частях&quot;. Кроме того, реклама на пятой книге шутливо описывает книгу как &quot;книга, которая дает совсем новое значение слову трилогия&quot;.</p>\n\n<p>Каждый раз, когда я брал хоть одну книгу из этой серии меня не оставляли в покое некоторые&nbsp;вопросы: почему не написали к такой шедевральной книге адекватную аннотацию? Каким образом человек, который в первый раз держит ее в руках, поймет что это за книга? Почему я должен верить им на слово упиваясь ссылками на фильм и фамилию неизвестного мне писателя?&nbsp;</p>\n\n<p><img alt=\"Аннотация\" src=\"http://cdn.eksmo.ru/v2/AST000000000003183/COVER/cover4.jpg\" style=\"height:461px; margin-left:140px; margin-right:140px; width:300px\" /></p>\n\n<p>И только когда пришло время самому писать аннотацию, я серьезно задумался. А что, собственно, тут можно написать? Как не подходи, в итоге получается много, хоть и небольших, спойлеров. И описания на некоторых сайтах хорошее тому подтверждение. Вот и получается на выходе вариант без фактов и уточнений. Таким&nbsp;образом, теперь я понял и полностью поддерживаю издательство.</p>\n\n<p>Давайте теперь посмотрим на лицевую сторону&nbsp;книг. Сразу скажу, в издании, которое я здесь демонстрирую и которое я сам читал, эта серия разбита всего на две книги: первые две части входят в первую книгу, оставшиеся три - &nbsp;во вторую.&nbsp;</p>\n\n<p>На первой книге, если быть немного внимательней,&nbsp;можно обнаружить&nbsp;число 42, что меня позабавило и, несомненно порадовало (сам я заметил его только прочтя пол книги и узнав великую смысловую нагрузку, которую оно несет). Многие, несомненно, и так знают, чем знаменито это число. Если же нет -&nbsp;книга даст вам ответ, и, я думаю, что без улыбки на это прекрасное сочетание&nbsp;цифр вы уже не посмотрите.&nbsp;</p>\n\n<p><img alt=\"Первая книга\" src=\"http://royallib.com/data/images/89/cover_89926.jpg\" style=\"height:384px; margin-left:140px; margin-right:140px; width:250px\" /></p>\n\n<p>Обложка второй книги от первой не особо то и отличается, что вы и сами, собственно, можете наблюдать.</p>\n\n<p><img alt=\"Вторая книга\" src=\"http://ffan.ru/upload/iblock/c0d/1.jpg\" style=\"height:461px; margin-left:140px; margin-right:140px; width:300px\" /></p>\n\n<p>Кстати на обложке нам представлены некоторые основные персонажи всей серии: Артут Дент и прекрасный робот по имени Марвин. С мистером Дентом&nbsp;вы познакомитесь достаточно близко, с ним читатель имеет дело на протяжении всех пяти частей. Да и про Марвина особо распространяться не буду, спойлеры, знаете ли.&nbsp;А&nbsp;в чем особенность этого робота вы сможете узнать сами (надеюсь гуглить вы сейчас не полезете, информации про Марвина там полно, но, лучше это знакомство оставьте на потом, таков мой совет).&nbsp;</p>\n\n<p>Что же можно сказать непосредственно про написанное в этих книгах? Как это все оценивать? Мое мнение, конечно же, останется неизменным: это шедевральная книга, полная фантастики, юмора, сарказма и многих забавных идей. Например&nbsp;</p>\n\n<blockquote>\n<p>&nbsp;<em>Пытаясь понять людей, Форд Префект никак не мог свыкнуться с их привычкой постоянно констатировать очевидное, вроде &laquo;Чудесный денек сегодня, не правда ли?&raquo;, или &laquo;Какой вы высокий!&raquo;, или &laquo;О Боже, вы, кажется, упали в тридцатифутовый колодец&hellip; Ничего не ушибли?&raquo;. Форд придумал теорию, объясняющую эту странность поведения: если человеческое существо перестает болтать, его рот срастается. После месячного наблюдения он отказался от этой теории в пользу другой: если человеческое существо перестает болтать, начинает работать его голова.</em></p>\n</blockquote>\n\n<p>Эти книги могут объяснить всю суетность нашего мира на примере автострад:</p>\n\n<blockquote>\n<p><em>Автострады &ndash; это такие приспособления, которые позволяют одним людям нестись со страшной скоростью из пункта А в пункт Б, в то время как другие люди несутся со страшной скоростью из пункта Б в пункт А. Людям, что живут в пункте В, как раз посередине пути, остается лишь гадать, что такого необыкновенного в пункте А, что столько народу из пункта Б так рвутся туда попасть, и что такого необыкновенного в пункте Б, что столько народу из пункта А мечтают попасть в него. Обитателям пункта В часто хочется, чтобы все эти люди раз и навсегда решили, где, черт их побери, им хочется быть.</em></p>\n</blockquote>\n\n<p>Да и в принципе она дает не такие уж плохие советы:</p>\n\n<blockquote>\n<p><em>Век живи -век учись. Или хотя бы живи.</em></p>\n</blockquote>\n\n<p>Вы являетесь проектировщиками любого профиля? и для вас найдется разумное замечание:</p>\n\n<blockquote>\n<p><em>Классическая ошибка, которую совершают проектировщики абсолютно надежных систем, &ndash; недооценка изобретательности клинических идиотов.</em></p>\n</blockquote>\n\n<p>Куда же без упоминания Всевышнего? :)</p>\n\n<blockquote>\n<p><em>Тот факт, что столь умопомрачительно полезная форма жизни появилась совершенно случайно, воспринимается многими мыслителями как окончательный довод в споре о существовании Бога. Аргументация примерно такова: &mdash; Я отказываюсь представить доказательства своего существования, &mdash; говорит Бог, &mdash; ибо доказательство отрицает веру, а без веры я ничто. &mdash; Но вавилонская рыбка просто не могла возникнуть в результате случайной эволюции, &mdash; указывает Человек. &mdash; Следовательно, ты существуешь, и, следовательно, по твоим же собственным словам, ты не существуешь. Что и требовалось доказать. &mdash; О Боже, об этом я как-то не подумал! &mdash; восклицает Бог. И исчезает в облачке логики.</em></p>\n</blockquote>\n\n<p>Но самое важное состоит в том, что вы узнаете ответ на Главный вопрос жизни, Вселенной и всего остального. А это ведь именно то, над чем бились все философы, и всё&nbsp;человечество в принципе.</p>\n\n<p>Весьма интересным мне увиделось высказывание пользователя ReadRate под ником Sheon:</p>\n\n<blockquote>\n<p>Утомительное словоблудие, занимательную иронию и меткие замечания кинули в миксер и смешали в любопытный коктейль. Получилось местами вкусно, местами пресно, местами приторно. Если рискнёте выпить - делайте это с большой осторожностью. Компоненты ядерной смеси плохо сходятся друг с другом и рискуют вызвать сильную изжогу у неискушенного читателя.&nbsp;</p>\n</blockquote>\n\n<p>Правда,&nbsp;на мой взгляд, утомительного здесь однозначно ничего нет. А так называемый коктейль из иронии и метких замечаний пришелся мне весьма по вкусу. И каким бы неискушенным читателем Вы не были, советую&nbsp;все же почитать эти книги. В книгах писатель познакомит Вас с теорией невероятности, расскажет что такое ННП-поле, и, кроме того, прекрасно разъяснит теорию о том, как научится летать человеку (подразумевается без каких-либо транспартных средств). И, в конце концов, несмотря на все <del>утомительное словоблудие</del>&nbsp;(Katya Shikhova, пользователь сервиса ReadRate):</p>\n\n<blockquote>\n<p>Писатель действительно сотворил невероятное : он взял все то, что так волнует людей и облачил это в до того чуднУю обертку, что не успеваешь порой и дух переводить.&nbsp;</p>\n</blockquote>\n\n<p>&nbsp;Вы все еще не знакомы с этими книгами?&nbsp;А давайте ознакомимся с фактами, которые представляются мне интересными, посмотрим, какой след в истории оставила эта серия романов:</p>\n\n<ol>\n	<li>Композиция &laquo;Paranoid android&raquo; коллектива Radiohead&nbsp;отсылает нас к упомянутому выше Марвину.</li>\n	<li>В репертуаре британской группы Coldplay&nbsp;есть песни &laquo;Don&rsquo;t Panic&raquo; и &laquo;42&raquo;.</li>\n	<li>Программа-мессенджер Trillian&nbsp;названа по имени героини романов.</li>\n	<li>Название программы для GPS-навигации&nbsp;DON&#39;T PANIC&nbsp;является отсылкой к фразе DON&#39;T PANIC (не паникуй), напечатанной на футляре путеводителя Автостопом по галактике.</li>\n	<li>В VGA-версии компьютерной игры&nbsp;<strong>Quest for Glory I: So You Want to Be a Hero</strong>&nbsp;игроку приходится взбираться по высокой-высокой лестнице, чтобы добраться до жилища эксцентричного волшебника Эразмуса. Перед тем, как получить разрешение войти, игрок отвечает на вопросы, среди которых может быть задан вопрос-лейтмотив &laquo;В чем смысл жизни, вселенной и всего?&raquo; На правильный ответ &laquo;<em>тут должен был быть спойлер</em>&raquo; игроку говорят &laquo;значит, Вы действительно ГЛУБОКО ПОДУМАЛИ над вопросом&raquo;.</li>\n	<li>В игре Fallout 2&nbsp;к романам Дугласа Адамса отсылают останки кашалота и горшок с маргаритками (прочитаете - поймете).</li>\n	<li>При поиске в Google&nbsp;фразы &laquo;answer to life, the universe and everything&raquo;&nbsp;Google даст однозначный ответ&nbsp;(можете сразу же и проверить, но, опять-таки, спойлер).</li>\n	<li>Автоматический переводчик Yahoo Babel Fish&nbsp;назван в честь вавилонской рыбки&nbsp;из романа.</li>\n	<li>После смерти Дугласа Адамса появился праздник &quot;День полотенца&quot;.</li>\n	<li>Один из стандартных звуковых сигналов в операционной системе Android&nbsp;называется Don`t Panic.</li>\n</ol>\n\n<p>И наконец моя оценка данной серии романов &ndash; 9 из 10. Почему не десять, хотя я и обожаю эти книги? Ответ вроде прост, но в то же время весьма сложен:&nbsp;</p>\n\n<blockquote>\n<p>Сорок два.</p>\n</blockquote>\n\n<p>&nbsp;<em>P.S. Возможно,&nbsp;некоторые&nbsp;моменты Вам будут непонятны, но, надеюсь, что в виду этого Вы проявите еще больший интерес к этим книгам.</em></p>\n\n<p>&nbsp;<em>P.P.S. А вот еще... позже вышла шестая часть трилогии, которую написал Йон Колфер. Сам я ее не читал, но говорят, насколько мне известно, что юмор и стиль весьма похож на предыдущие части.&nbsp;</em></p>\n\n<p>&nbsp;</p>'),(31,'Атлант расправил плечи.Часть 1','atlas-shrugged','Айн Рэнд','Алексей Митрахович','2015-08-03 23:26:39','<p>&laquo;Атлант расправил плечи&raquo; - центральное произведение русской писательницы зарубежья Айн Рэнд. Оно своеобразно сочетает фантастику и реализм, утопию и антиутопию, романтическую героику и испепеляющий гротеск. Автор по-новому освещает известные не только в русской литературе вопросы и предлагает свои варианты ответов &ndash; острые, парадоксальные и во многом спорные.</p>','<p>В первых статьях получилось так, что я стал размещать к книге, о которой идет речь, обложку непосредственно в статье (спасибо пользователю Laton за отличный совет). И, хотя прежде это было связано с тем, что я ввиду каких-то причин обращал внимание читателей на обложку, впредь буду это делать даже в том случае, если обложка не представляет из себя ничего особенного, если это просто ничего не говорящая картинка. Именно такими словами можно обозвать обложку книги, о которой пойдет речь в данной статье.</p>\n\n<p><img alt=\"Обложка книги Атлант расправил плечи\" src=\"http://ic.pics.livejournal.com/sakhalin_beorn/12845616/823/823_600.jpg\" style=\"height:313px; margin-left:20px; margin-right:20px; width:530px\" /></p>\n\n<p>Если быть точным, то это не одна книга, а серия книг, состоящая из трех частей:</p>\n\n<ol>\n	<li>Книга 1. Часть 1. Непротиворечие.</li>\n	<li>Книга 2. Часть 2. Или &ndash; или.</li>\n	<li>Книга 3. Часть 3. А есть А.</li>\n</ol>\n\n<p>Количество страниц могло бы быть и больше, но и имеющейся цифры было достаточно, чтобы разделить эту статью на две части. Первая часть отводится под общие сведения и некоторые отзывы, взятые с других ресурсов. Вторая &ndash; под, собственно, мои умозаключения.</p>\n\n<p>Как оказалось, это очень знаменитое произведение: Библиотека Конгресса США провела обширный социологический опрос, пытаясь определить, какая книга оказывает самое глубокое влияние на американцев. Первое место заняла Библия, а второе &ndash; &laquo;Атлант расправил плечи&raquo;. В последнее время эта книга, насколько мне известно, стала популярной и в РФ. И многие справедливо не могут понять (взято с forbes.ru):&nbsp;</p>\n\n<blockquote>\n<p>&nbsp;Этот парадокс &ndash; вместе с тем фактом, что в книге нет ни драк, ни убийств, ни графически привлекательных сцен плотской любви &ndash; породил целую традицию недоумения касательно причин популярности книги.</p>\n</blockquote>\n\n<p>И пытаются объяснить такую популярность этой, как они выразились, <em>актуальной</em> и <em>скучной</em> книги (forbes.ru):</p>\n\n<blockquote>\n<p>&nbsp;И, хотя у Айн Рэнд действительно были и есть очень увлеченные последователи, их совсем немного. Так что давайте исходить из того, что многие люди действительно находят себя в &laquo;Атланте&raquo;: либо неожиданные идеи, либо хорошие иллюстрации своих мыслей.</p>\n</blockquote>\n\n<p>Но, несмотря на &laquo;неожиданные идеи или хорошие иллюстрации своих мыслей&raquo;, наряду со словами одобрения зачастую в одном и том же отзыве звучит то самое &laquo;но&raquo;, например (взято с readrate.com):</p>\n\n<blockquote>\n<p>&nbsp;Отличная книга!</p>\n\n<p>Однако, есть и недостатки &ndash; определенная затянутость некоторых частей и нелепая идея поклонения сияющему доллару. Для меня эта история все-таки была лишней, хотелось бы, чтобы это осталось за кадром повествования, чтобы каждый мог додумать свое</p>\n</blockquote>\n\n<p>Сейчас многие думают &laquo;да у каждой книги есть свои минусы, они цепляются к мелочам&raquo;, однако это не единственный комментарий, подобных моментов достаточно в этом произведении, я лишь привел один из них.</p>\n\n<p>Почему так происходит? Потому что основное чувство, которое испытывают люди, прочитавшие эту книгу &ndash; противоречие. Да, именно противоречие прекрасно описывает все происходящее в этом произведении. Подробнее этим чувством я поделюсь с вами во второй части этой статьи.&nbsp;</p>'),(32,'Атлант расправил плечи.Часть 2','atlas-shrugged-2','Айн Рэнд','Алексей Митрахович','2015-08-17 19:32:06','<p>&laquo;Атлант расправил плечи&raquo; - центральное произведение русской писательницы зарубежья Айн Рэнд. Оно своеобразно сочетает фантастику и реализм, утопию и антиутопию, романтическую героику и испепеляющий гротеск. Автор по-новому освещает известные не только в русской литературе вопросы и предлагает свои варианты ответов &ndash; острые, парадоксальные и во многом спорные.</p>','<p>Наткнулся на это произведение я случайно, на просторах всемирной паутины. Заинтересовало оно меня прежде всего своим названием, описание же ни о чем мне не сказало: все, что там было написано дублируется сейчас в аннотации к данной статье, правда несколько в ином варианте. Не особо информативно, не правда ли?</p>\n\n<p>Начало&nbsp;меня очень впечатлило, было в нем что-то притягательное. И это что-то, как мне кажется, и есть то самое, что, по словам других людей, заставляло их действовать. Та атмосфера несла в себе прекрасное сочетание интереса к себе любимому и своей работе. Я даже осмелюсь предположить, что на все&nbsp;эти&nbsp;чувства&nbsp;Айн Рэнд и планировала опереть все страницы этого, тем не менее скучного, произведения.&nbsp;Тут как раз и образ так называемых атлантов (не более чем представление некоторых главных персонажей) неплохо подходит.</p>\n\n<p>Да, задумка неплохая, очень даже, однако этого оказалось недостаточно&nbsp;для такого количества страниц: какими бы интересными&nbsp;не были&nbsp;идеи &quot;здорового&quot; эгоизма (readrate.com):</p>\n\n<blockquote>\n<p>Все-таки миром должен править эгоизм (не чревоугодие и похоть, а именно здоровый эгоизм)!</p>\n</blockquote>\n\n<p>Каким бы образом писательница&nbsp;не третировала социализм и, в свою очередь, не возвышала капитализм (что многие с удовольствием поддерживают и продолжают приписывать отношения, подобные описанным в книге, к текущим делам в РФ), это, тем не менее, не всегда оказывает должное впечатление (readrate.com):</p>\n\n<blockquote>\n<p>противостояние социализма и капитализма, пока без явного победителя. а симпатичны больше всего не главные герои, а парочка философов</p>\n</blockquote>\n\n<p>Да и в принципе, несмотря на то, что во многом я согласен с писательницей (по крайней мере в том виде, в котором она это все представила), с этой стороны она кажется не&nbsp;созревшим писателем, а просто человеком, обиженным на &quot;Совок&quot; и получившим возможность наконец-то высказать все накопившееся за долгие годы (livelib.ru):&nbsp;</p>\n\n<blockquote>\n<p>Если развернуть эти подпункты, то с точки зрения философской, Рэнд пытается дискутировать с идеями, которые явно и очевидно не понимает, начиная с того, что известный принцип про способности и потребности она понимает буквально. Печаль, на самом деле, - сродни вопросу &quot;Если Земля круглая, то почему люди с нее не сваливаются?&quot;.</p>\n</blockquote>\n\n<p>У данной книги имеется большое количество поклонников, в том числе и среди людей, которые на момент прочтения оной многого добились в той или иной области деятельности. И все равно она оказала на них немалое влияние и они с восхищением отзываются об этом произведении. Тем не менее, это скучнейшие книги из всех, которые я когда-либо читал (более того,&nbsp;многие со мной согласятся).&nbsp;Взять хотя бы всех персонажей. Что с ними не так?&nbsp;Все персонажи просто деревянные и прямолинейные, если персонаж хороший, то он будто ходит с табличкой на лбу &quot;хороший персонаж&quot; и наоборот (хотя в книге замешано много политики и такого там быть просто не может). Забавно выглядит еще одна закономерность (livelib.ru):&nbsp;</p>\n\n<blockquote>\n<p>Отдельной прелестью надо заметить, что автор использует дивный прием: несимпатичные ей идеи она отдает на защиту наиболее гадким персонажам.</p>\n</blockquote>\n\n<p>Представленные же любовные сцены просто смешны, мне даже понятны обвинения некоторых читателей направленные в сторону эммоциональной ущербности самой писательности. Отношние же Дэгни Таггарт ко всем своим любовникам и их выбору&nbsp;видится мне просто неким своеобразным фетишем, по другому я этого объяснить не могу (пока что никто не помог мне в этом разобраться, все просто пожимают плечами, ввиду чего я еще больше уверился в своей правоте).</p>\n\n<p>&quot;Главное здесь - это идея!&quot;, скажете вы. И я с этим не поспорю, однако здесь наряду с идеей присутсвует ее навязчивость и затянутость объяснений (самый прекрасные пример - двухчасовая речь Джона Галта). Да, изначально некоторые идеи показались мне близки, я даже был восхищен подачей этих мыслей. Но затем писательница словно пытается втолковать эти идеи десятилетнему ребенку, потому что повторяет&nbsp;одно и то же несчетное количество раз. Утрирую, конечно же, однако это настолько надоедает, что в итоге эти мысли не кажутся&nbsp;уже такими оригинальными, такими захватывающими. И вся суть теряется среди бесконечных строк унылых фраз изначально шикарной мысли.</p>\n\n<p>Моя оценка &quot;атлантам&quot; состовляет всего лишь четыре из десяти, по вышеизложенным причинам.&nbsp;Но, несмотря на все минусы:&nbsp;</p>\n\n<blockquote>\n<p>Мы готовы рекомендовать эту скучную книгу кому угодно.</p>\n</blockquote>'),(33,'Мизери','misery','Стивен Кинг','Алексей Митрахович','2015-09-27 13:30:09','<p>В основе сюжета произведения лежат отношения двух героев книги &mdash; популярного писателя Пола Шелдона и психопатичной поклонницы Энни Уилкс. Попав в автомобильную катастрофу, Пол получает серьёзные увечья. Бывшая медсестра Энни привозит его в свой дом, где писатель получает дозы обезболивающего и лечение. Постепенно герой понимает, что он &mdash; узник, вынужденный потакать прихотям своей тюремщицы.</p>','<p>В процессе написания</p>');
/*!40000 ALTER TABLE `articles` ENABLE KEYS */;

--
-- Table structure for table `comments`
--

DROP TABLE IF EXISTS `comments`;
/*!40101 SET @saved_cs_client     = @@character_set_client */;
/*!40101 SET character_set_client = utf8 */;
CREATE TABLE `comments` (
  `id` int(10) NOT NULL AUTO_INCREMENT COMMENT 'Идентификатор комментария',
  `article_id` int(10) NOT NULL COMMENT 'Идентификатор статьи',
  `user_id` int(10) NOT NULL,
  `user` varchar(50) NOT NULL COMMENT 'Идентификатор пользователя',
  `message` text NOT NULL COMMENT 'Текст комментария',
  `created_at` timestamp NOT NULL DEFAULT CURRENT_TIMESTAMP COMMENT 'Дата добавления',
  PRIMARY KEY (`id`)
) ENGINE=MyISAM AUTO_INCREMENT=79 DEFAULT CHARSET=utf8;
/*!40101 SET character_set_client = @saved_cs_client */;

--
-- Dumping data for table `comments`
--

/*!40000 ALTER TABLE `comments` DISABLE KEYS */;
INSERT INTO `comments` VALUES (72,23,15,'Алексей Митрахович','Здесь был комментарий пользователя Laton, но ввиду сбоя в базе данных он был утерян. Приношу свои извинения. \nLaton настоятельно рекомендовал размещать обложку книги непосредственно в самой статье (чтобы не искать ее самостоятельно в Google). \nСпасибо, Laton, недочет исправлен.','2015-07-04 13:23:48');
/*!40000 ALTER TABLE `comments` ENABLE KEYS */;

--
-- Table structure for table `roles`
--

DROP TABLE IF EXISTS `roles`;
/*!40101 SET @saved_cs_client     = @@character_set_client */;
/*!40101 SET character_set_client = utf8 */;
CREATE TABLE `roles` (
  `id` int(11) unsigned NOT NULL AUTO_INCREMENT,
  `name` varchar(32) NOT NULL,
  `description` varchar(255) NOT NULL,
  PRIMARY KEY (`id`),
  UNIQUE KEY `uniq_name` (`name`)
) ENGINE=MyISAM AUTO_INCREMENT=3 DEFAULT CHARSET=utf8;
/*!40101 SET character_set_client = @saved_cs_client */;

--
-- Dumping data for table `roles`
--

/*!40000 ALTER TABLE `roles` DISABLE KEYS */;
INSERT INTO `roles` VALUES (1,'login','Login privileges, granted after account confirmation'),(2,'admin','Administrative user, has access to everything.');
/*!40000 ALTER TABLE `roles` ENABLE KEYS */;

--
-- Table structure for table `roles_users`
--

DROP TABLE IF EXISTS `roles_users`;
/*!40101 SET @saved_cs_client     = @@character_set_client */;
/*!40101 SET character_set_client = utf8 */;
CREATE TABLE `roles_users` (
  `user_id` int(10) unsigned NOT NULL,
  `role_id` int(10) unsigned NOT NULL,
  PRIMARY KEY (`user_id`,`role_id`),
  KEY `fk_role_id` (`role_id`)
) ENGINE=MyISAM DEFAULT CHARSET=utf8;
/*!40101 SET character_set_client = @saved_cs_client */;

--
-- Dumping data for table `roles_users`
--

/*!40000 ALTER TABLE `roles_users` DISABLE KEYS */;
INSERT INTO `roles_users` VALUES (15,1),(15,2),(24,1),(25,1),(26,1),(27,1),(28,1),(29,1),(30,1),(31,1),(32,1),(33,1),(34,1),(35,1),(36,1),(37,1);
/*!40000 ALTER TABLE `roles_users` ENABLE KEYS */;

--
-- Table structure for table `user_tokens`
--

DROP TABLE IF EXISTS `user_tokens`;
/*!40101 SET @saved_cs_client     = @@character_set_client */;
/*!40101 SET character_set_client = utf8 */;
CREATE TABLE `user_tokens` (
  `id` int(11) unsigned NOT NULL AUTO_INCREMENT,
  `user_id` int(11) unsigned NOT NULL,
  `user_agent` varchar(40) NOT NULL,
  `token` varchar(40) NOT NULL,
  `created` int(10) unsigned NOT NULL,
  `expires` int(10) unsigned NOT NULL,
  PRIMARY KEY (`id`),
  UNIQUE KEY `uniq_token` (`token`),
  KEY `fk_user_id` (`user_id`),
  KEY `expires` (`expires`)
) ENGINE=MyISAM AUTO_INCREMENT=9 DEFAULT CHARSET=utf8;
/*!40101 SET character_set_client = @saved_cs_client */;

--
-- Dumping data for table `user_tokens`
--

/*!40000 ALTER TABLE `user_tokens` DISABLE KEYS */;
INSERT INTO `user_tokens` VALUES (8,36,'d9635fe3cda2497cadbcab119410b5fe9a426203','6ebd9ac87e3c75372a799a44fb09afebddf2a8a6',1441304182,1442513782),(5,26,'97ec159a87dccec7e379778f65c86cfea136f9dd','e4faf83e00ee9c70c68cc4dfdc0ae11a4830f1e2',1435997987,1437207587),(7,27,'0b2d844cb000e213b907c385e78ba2c18c9c22ea','33f2caa8d80dd5c44097b6805585f857152b5492',1436295736,1437505336);
/*!40000 ALTER TABLE `user_tokens` ENABLE KEYS */;

--
-- Table structure for table `users`
--

DROP TABLE IF EXISTS `users`;
/*!40101 SET @saved_cs_client     = @@character_set_client */;
/*!40101 SET character_set_client = utf8 */;
CREATE TABLE `users` (
  `id` int(11) unsigned NOT NULL AUTO_INCREMENT,
  `email` varchar(254) NOT NULL,
  `username` varchar(32) NOT NULL DEFAULT '',
  `password` varchar(64) NOT NULL,
  `logins` int(10) unsigned NOT NULL DEFAULT '0',
  `last_login` int(10) unsigned DEFAULT NULL,
  PRIMARY KEY (`id`),
  UNIQUE KEY `uniq_username` (`username`),
  UNIQUE KEY `uniq_email` (`email`),
  UNIQUE KEY `username` (`username`)
) ENGINE=MyISAM AUTO_INCREMENT=38 DEFAULT CHARSET=utf8;
/*!40101 SET character_set_client = @saved_cs_client */;

--
-- Dumping data for table `users`
--

/*!40000 ALTER TABLE `users` DISABLE KEYS */;
INSERT INTO `users` VALUES (15,'rem.lex@mail.ru','Алексей Митрахович','9f1b23eb9286275d6325b179edbcd3c29409c66fa2806f6d8ffa57d961927d39',29,1443366997),(25,'latonfeed@gmail.com','Laton','0fdc6f50071eac3e4b84ca3973a7a212f378ca79b2b2c7f1162b02293bb9ac8e',1,1435997202),(24,'bizia2@mail.ru','Анастасия Близнец','3ac18da9cd3a409e684ed457a4bcd18864ee53ee43212cf09d9c6650533c2c29',3,1439989879),(26,'laton113feed@gmail.com','Laton Feed','0fdc6f50071eac3e4b84ca3973a7a212f378ca79b2b2c7f1162b02293bb9ac8e',3,1436689105),(27,'mikhalkevich@ya.ru','mikhalkevich','500e3ecd8e5627cad77d2120a8d37d74365cea4ae1912c3afab565c9581fbd83',1,1436295736),(29,'ipanutoe_zayko@mail.ru','dianka^^','782ce954c0b3a196d2252b83a86dbfb242cc2a702bb41eed88287376b2694a0b',1,1436964563),(30,'blizkiiangel@rambler.ru','Юлия','a85eadda3e4846cb2e77bd565ecad45a686e9fb60dd4ca7a452e609378e8f889',1,1437152314),(34,'masha259@hotmail.com','Маша','89ba82cc928949028747d3686c66b5ad7368b3580d1b3bc9fcaf770d44dbb635',1,1437512072),(32,'anmatvei@gmail.com','Анастасия М','67af41497f7b39d182ca302bbe816690531ebdac6bc1047f860e359757abd038',1,1437387478),(35,'staisy_piu@yahoo.com','Пилюля','fb910fd9e36637bed9697875668c924229ab79ea3b5aceeb952a2329cf07ee3c',1,1438154757),(36,'kirilebedev@mail.ru','Кирилл','0d2ddaa3204fdbdd6f772c5a7fbe7797b1c2734957ec156bbfb8fad8d97054a9',1,1441304182),(37,'efim95off@gmail.com','Fima','6a45ed7c8f0c5cb310c00619adae086101392ab35f7d32c0d0e1da790dec923e',1,1441828720);
/*!40000 ALTER TABLE `users` ENABLE KEYS */;
/*!40103 SET TIME_ZONE=@OLD_TIME_ZONE */;

/*!40101 SET SQL_MODE=@OLD_SQL_MODE */;
/*!40014 SET FOREIGN_KEY_CHECKS=@OLD_FOREIGN_KEY_CHECKS */;
/*!40014 SET UNIQUE_CHECKS=@OLD_UNIQUE_CHECKS */;
/*!40101 SET CHARACTER_SET_CLIENT=@OLD_CHARACTER_SET_CLIENT */;
/*!40101 SET CHARACTER_SET_RESULTS=@OLD_CHARACTER_SET_RESULTS */;
/*!40101 SET COLLATION_CONNECTION=@OLD_COLLATION_CONNECTION */;
/*!40111 SET SQL_NOTES=@OLD_SQL_NOTES */;

-- Dump completed on 2015-09-28 19:27:28
